<?xml version="1.0" encoding="UTF-8"?>
<project-private xmlns="http://www.netbeans.org/ns/project-private/1">
    <editor-bookmarks xmlns="http://www.netbeans.org/ns/editor-bookmarks/2" lastBookmarkId="0"/>
    <open-files xmlns="http://www.netbeans.org/ns/projectui-open-files/2">
        <group>
            <file>file:/C:/Users/sethu/MPLABXProjects/Carblackblox.X/uart.c</file>
            <file>file:/C:/Users/sethu/MPLABXProjects/Carblackblox.X/settime.c</file>
            <file>file:/C:/Users/sethu/MPLABXProjects/Carblackblox.X/downloadlog.c</file>
            <file>file:/C:/Users/sethu/MPLABXProjects/Carblackblox.X/menu.c</file>
            <file>file:/C:/Users/sethu/MPLABXProjects/Carblackblox.X/main.h</file>
            <file>file:/C:/Users/sethu/MPLABXProjects/Carblackblox.X/clearlog.c</file>
            <file>file:/C:/Users/sethu/MPLABXProjects/Carblackblox.X/ext_eeprom.c</file>
            <file>file:/C:/Users/sethu/MPLABXProjects/Carblackblox.X/ext_eeprom.h</file>
            <file>file:/C:/Users/sethu/MPLABXProjects/Carblackblox.X/ds1307.c</file>
            <file>file:/C:/Users/sethu/MPLABXProjects/Carblackblox.X/dashboard.c</file>
            <file>file:/C:/Users/sethu/MPLABXProjects/Carblackblox.X/viewlog.c</file>
            <file>file:/C:/Users/sethu/MPLABXProjects/Carblackblox.X/ds1307.h</file>
            <file>file:/C:/Users/sethu/MPLABXProjects/Carblackblox.X/main.c</file>
            <file>file:/C:/Users/sethu/MPLABXProjects/Carblackblox.X/i2c.c</file>
            <file>file:/C:/Users/sethu/MPLABXProjects/Carblackblox.X/i2c.h</file>
        </group>
    </open-files>
</project-private>
